{
    "Plane_innerRecipe": {},
    "Plane_surfaceRecipe": {
        "Ves203MeshsParent": {
            "compNum": 1,
            "results": [
                [
                    [
                        71.422855162397553,
                        25.785792761555228,
                        418.72957608768161
                    ],
                    [
                        [
                            -0.020988423377275467,
                            -0.56988489627838135,
                            -0.8214564323425293,
                            0.0
                        ],
                        [
                            0.7815508246421814,
                            0.50304204225540161,
                            -0.36895391345024109,
                            0.0
                        ],
                        [
                            0.62348842620849609,
                            -0.64975374937057495,
                            0.43483594059944153,
                            0.0
                        ],
                        [
                            0.0,
                            0.0,
                            0.0,
                            1.0
                        ]
                    ]
                ],
                [
                    [
                        71.53461157830273,
                        -102.26612685996737,
                        -217.365082313389
                    ],
                    [
                        [
                            -0.31519773602485657,
                            -0.22446358203887939,
                            -0.92209899425506592,
                            0.0
                        ],
                        [
                            0.36710426211357117,
                            0.86715191602706909,
                            -0.33657395839691162,
                            0.0
                        ],
                        [
                            0.8751484751701355,
                            -0.44459381699562073,
                            -0.19092278182506561,
                            0.0
                        ],
                        [
                            0.0,
                            0.0,
                            0.0,
                            1.0
                        ]
                    ]
                ]
            ],
            "encapsulatingRadius": 26.870000000000001
        },
        "CoarseMS_4av3": {
            "compNum": 1,
            "results": [
                [
                    [
                        41.563533297566316,
                        45.335125384818149,
                        -340.76919594331775
                    ],
                    [
                        [
                            -0.19625210762023926,
                            0.45358917117118835,
                            -0.86933422088623047,
                            0.0
                        ],
                        [
                            0.92510676383972168,
                            -0.20825360715389252,
                            -0.31750249862670898,
                            0.0
                        ],
                        [
                            -0.32505771517753601,
                            -0.86653745174407959,
                            -0.37874820828437805,
                            0.0
                        ],
                        [
                            0.0,
                            0.0,
                            0.0,
                            1.0
                        ]
                    ]
                ],
                [
                    [
                        50.729303076035535,
                        -29.999998989902572,
                        295.69567963510434
                    ],
                    [
                        [
                            0.25638067722320557,
                            -0.41051024198532104,
                            -0.87507158517837524,
                            0.0
                        ],
                        [
                            0.073782220482826233,
                            0.91100180149078369,
                            -0.40574872493743896,
                            0.0
                        ],
                        [
                            0.96375572681427002,
                            0.0394614078104496,
                            0.2638515830039978,
                            0.0
                        ],
                        [
                            0.0,
                            0.0,
                            0.0,
                            1.0
                        ]
                    ]
                ]
            ],
            "encapsulatingRadius": 45.0
        }
    },
    "exteriorRecipe": {}
}